-8.610000014305114746e-01,6.178799819946289062e+01,5.291999816894531250e+00
-1.355000019073486328e+00,5.802399826049804688e+01,4.901000022888183594e+00
-3.601999998092651367e+00,5.563899993896484375e+01,2.961999893188476562e+00
-7.184000015258789062e+00,5.492399978637695312e+01,3.924000024795532227e+00
-6.300000190734863281e+00,5.128900146484375000e+01,4.600999832153320312e+00
-3.523000001907348633e+00,5.237599945068359375e+01,6.991000175476074219e+00
-5.498000144958496094e+00,5.459700012207031250e+01,9.387999534606933594e+00
-6.179999828338623047e+00,5.152700042724609375e+01,1.154699993133544922e+01
-2.417999982833862305e+00,5.135400009155273438e+01,1.222099971771240234e+01
-2.415999889373779297e+00,5.475899887084960938e+01,1.396500015258789062e+01
-3.581000089645385742e+00,5.319499969482421875e+01,1.723600006103515625e+01
-1.952000021934509277e+00,5.173500061035156250e+01,2.036199951171875000e+01
-6.370000243186950684e-01,4.819900131225585938e+01,1.997200012207031250e+01
-8.299999833106994629e-01,4.797999954223632812e+01,1.617000007629394531e+01
1.697000026702880859e+00,4.650699996948242188e+01,1.374699974060058594e+01
2.311000108718872070e+00,4.695199966430664062e+01,1.004199981689453125e+01
4.385000228881835938e+00,4.900600051879882812e+01,7.610000133514404297e+00
3.181999921798706055e+00,5.234400177001953125e+01,9.006999969482421875e+00
3.148999929428100586e+00,5.147800064086914062e+01,1.271300029754638672e+01
6.468999862670898438e+00,4.960800170898437500e+01,1.250899982452392578e+01
8.494999885559082031e+00,5.188600158691406250e+01,1.023299980163574219e+01
6.796999931335449219e+00,5.529800033569335938e+01,9.982999801635742188e+00
4.768000125885009766e+00,5.647000122070312500e+01,1.300300025939941406e+01
4.393000125885009766e+00,5.451699829101562500e+01,1.624600028991699219e+01
2.061000108718872070e+00,5.514899826049804688e+01,1.917700004577636719e+01
2.956000089645385742e+00,5.377299880981445312e+01,2.261899948120117188e+01
9.229999780654907227e-01,5.104100036621093750e+01,2.426600074768066406e+01
-3.400000184774398804e-02,5.347399902343750000e+01,2.706299972534179688e+01
-1.059000015258789062e+00,5.624499893188476562e+01,2.466300010681152344e+01
-3.114000082015991211e+00,5.908000183105468750e+01,2.617300033569335938e+01
-4.675000190734863281e+00,6.111800003051757812e+01,2.338800048828125000e+01
-6.828999996185302734e+00,6.116899871826171875e+01,2.027700042724609375e+01
-6.361999988555908203e+00,6.011600112915039062e+01,1.664900016784667969e+01
-8.267000198364257812e+00,6.217599868774414062e+01,1.407100009918212891e+01
-8.447999954223632812e+00,6.146500015258789062e+01,1.033899974822998047e+01
-1.038500022888183594e+01,6.256900024414062500e+01,7.270999908447265625e+00
-1.035900020599365234e+01,6.172000122070312500e+01,3.576999902725219727e+00
-8.303000450134277344e+00,6.425599670410156250e+01,1.605000019073486328e+00
-8.685999870300292969e+00,6.283100128173828125e+01,-1.909999966621398926e+00
-9.798999786376953125e+00,6.620999908447265625e+01,-3.266999959945678711e+00
-6.639999866485595703e+00,6.791699981689453125e+01,-1.942000031471252441e+00
-3.818000078201293945e+00,6.535700225830078125e+01,-1.975999951362609863e+00
-4.328999996185302734e+00,6.329100036621093750e+01,-5.142000198364257812e+00
-3.492000102996826172e+00,6.470899963378906250e+01,-8.560000419616699219e+00
-4.231999874114990234e+00,6.345399856567382812e+01,-1.206099987030029297e+01
-1.574000000953674316e+00,6.097800064086914062e+01,-1.312600040435791016e+01
-2.870000004768371582e-01,6.065499877929687500e+01,-9.553000450134277344e+00
8.539999723434448242e-01,6.281600189208984375e+01,-6.646999835968017578e+00
4.326000213623046875e+00,6.153400039672851562e+01,-5.777999877929687500e+00
5.010000228881835938e+00,6.417400360107421875e+01,-3.121000051498413086e+00
